Former Czechoslovakia;15254680;15311600;15351750;15388260;15423300;15454790;15480920;15510920;15537000;15559010;15572130;15586770;15618590;--;--;--;--;--;--;--;--;--;--;--;--;--;--;--;--;--;--
Grenada;90160;92350;92410;92530;92740;93060;93550;94060;94290;94300;94200;94060;94650;95760;96750;97740;98650;99570;100390;100990;101610;102290;102840;103320;103970;104590;105200;105890;106560;107200;107820
Argentina;28369800;28848060;29329880;29793550;30230640;30671760;31144990;31624620;32099320;32571620;33035580;33504410;33966850;34407150;34846890;35273840;35682960;36102160;36517920;36923420;37335650;37694170;37999450;38336880;38741830;39181260;39614430;40048820;40482000;40913580;41343200
Sao Tome and Principe;94070;96440;98240;100130;102120;104190;106350;108600;110940;113380;115930;118600;120910;122850;124920;127140;129530;132090;134800;137670;140690;143850;147130;150510;153970;157510;161110;164750;168420;172100;175810
Peru;17295300;17754800;18172520;18591450;19010880;19431930;19855490;20280360;20710660;21150700;21599750;22057020;22521650;22992690;23469190;23942190;24402120;24847150;25275710;25686290;26086700;26485330;26881710;27275200;27665180;28051110;28432590;28809300;29180900;29546960;29907000
Canada;24593300;24900000;25201900;25456300;25701800;25941600;26203800;26549700;26894800;27379300;27790600;28117900;28544890;28953340;29330810;29690530;30026320;30305600;30551660;30820260;31099560;31376740;31640960;31889310;32134760;32386380;32656680;32935960;33212700;33487210;33759740
Nicaragua;2805650;2901730;2979910;3049180;3121770;3190840;3263710;3345370;3435060;3531930;3685130;3873060;4019590;4142310;4264260;4384620;4500760;4611880;4719740;4827220;4935150;5042620;5149980;5257010;5363490;5469180;5574590;5680210;5785850;5891200;5995930
Portugal;9777800;9850080;9859650;9872240;9885390;9897190;9907410;9915290;9920610;9923150;9922690;9919010;9927680;9967830;10027690;10065540;10099920;10156420;10224830;10283380;10335600;10386750;10433870;10479960;10524150;10566210;10605870;10642840;10676910;10707920;10735770
Uganda;12414720;12725250;13078930;13470390;13919510;14391740;14910720;15520090;16176420;16832380;17455760;18082140;18729450;19424380;20127590;20689520;21248720;21861010;22502140;23227670;23955820;24690000;25469580;26321960;27233660;28199390;29206500;30262610;31367970;32369560;33398680
Bermuda;54730;54910;55170;55510;55850;56180;56510;56830;57170;57490;57780;58100;58700;59240;59750;60290;60870;61450;61980;62510;63060;63610;64180;64760;65340;65910;66440;66920;67390;67840;68270
Korea, South;38124000;38723000;39326000;39910000;40406000;40806000;41214000;41622000;42031000;42449000;42869000;43339910;43837120;44307040;44718900;45105080;45467970;45807830;46151510;46485420;46838840;47177810;47437280;47656630;47853850;48005160;48123560;48250150;48379390;48508970;48636070
Georgia;--;--;--;--;--;--;--;--;--;--;--;--;5355290;5247620;5120810;5012950;4934570;4883480;4848500;4815670;4777210;4746160;4728360;4710920;4693890;4677400;4661470;4646000;4630840;4615810;4600830
Belize;144420;149210;153300;156850;160810;165560;171240;176350;181400;186430;190870;195750;200820;206090;211550;217170;222970;228950;235130;241480;248000;254640;261300;267960;274620;281290;287950;294610;301270;307900;314520
Belarus;--;--;--;--;--;--;--;--;--;--;--;--;10227860;10250440;10238350;10205230;10170970;10128840;10092030;10063950;10033700;9999790;9955190;9905210;9855950;9809130;9765740;9724720;9685770;9648530;9612630
Djibouti;326870;344830;356160;370120;374610;382220;396510;409460;417150;442450;499190;551980;547090;534430;546890;553030;568430;592490;620880;646260;669420;692990;716350;690780;657410;666400;679140;694380;709200;724620;740530
Angola;6743080;6879570;7018530;7240540;7442450;7584710;7748630;7878400;8023390;8153840;8296610;8496810;8741840;8966260;9172280;9419120;9650610;9855580;10039170;10215440;10377270;10538390;10760510;11057090;11391130;11706950;11992810;12263600;12531360;12799290;13068160
Cook Islands;18010;17650;17440;17490;17740;17490;17650;17670;17910;18150;18390;18640;18580;18510;18420;18310;18180;17870;17380;16860;16310;15730;15150;14600;14090;13600;13130;12690;12270;11870;11490
Guinea;4447370;4540360;4636010;4734400;4953580;5226740;5394330;5528410;5666830;5809690;6118450;6552470;6800520;6989110;7209490;7445700;7701570;7791060;7906610;8154400;8350410;8416920;8520300;8755540;8971980;9153730;9345730;9569220;9806510;10057980;10324030
Burundi;4298210;4477760;4584910;4705200;4816830;4921760;5018860;5144520;5278840;5404370;5535640;5674380;5856490;5685430;5749680;6164950;6203730;6243640;6417430;6631140;6822700;7043020;7286790;7552650;7858730;8161940;8464510;8782940;9139310;9511330;9863120
Tanzania;18665060;19212000;19776790;20368420;20984090;21618430;22284170;23016720;23763760;24484890;25214280;25972540;26767470;27696590;28797660;29752900;30392140;31092650;31950960;32808030;33712120;34567250;35383100;36198790;36989970;37770570;38568530;39384220;40213160;41048530;41892900
Thailand;47025760;47936500;48827160;49694250;50533780;51341810;52129480;52910340;53683430;54445690;55196720;55941960;56692810;57442960;58191060;58942280;59674970;60367360;61037910;61634190;62156740;62685140;63213120;63730550;64240840;64742600;65235010;65717020;66187260;66644810;67089500
Iran;39708730;41450820;43218240;44989320;46792080;48618940;50464350;52340190;54178260;55926670;58100100;60496430;62310080;63099660;63460370;64217270;65115780;66041880;66953740;67803930;68631550;69531530;70283740;70811830;71439500;72282710;73184400;74093270;75025360;75967610;76923300
Turkmenistan;--;--;--;--;--;--;--;--;--;--;--;--;3830230;3917960;4003900;4078730;4142670;4200610;4262260;4324690;4385490;4444580;4502620;4556130;4608470;4664160;4719510;4774230;4829330;4884890;4940920
Vietnam;53715200;54902680;56142180;57436350;58762040;60093070;61439830;62826490;64211350;65868480;67258110;68638270;69979720;71285150;72559540;73783390;74946550;76052860;77107500;78141670;79177980;80209480;81257960;82296590;83352450;84424930;85470540;86518850;87558360;88576760;89571130
Equatorial Guinea;256010;271780;285480;299580;314640;325190;333650;342470;351650;361190;371100;381380;392020;403040;414440;426230;438420;451030;464060;477540;491480;505920;520760;535930;551420;567230;583350;599760;616460;633440;650700
Reunion;510000;510000;520000;530000;540000;550000;560000;570000;570000;590000;600000;607000;620000;630000;640000;650000;660000;670000;680000;700000;720000;732570;743870;755170;766150;766150;766150;766150;766150;766150;766150
Kyrgyzstan;--;--;--;--;--;--;--;--;--;--;--;--;4495440;4490210;4486190;4532220;4598190;4663480;4729900;4796570;4851050;4901330;4959160;5019150;5081430;5146280;5213900;5284150;5356870;5431750;5508630
Puerto Rico;3209650;3238970;3279000;3316030;3350040;3382110;3413300;3444470;3474990;3505600;3536910;3562110;3585180;3615500;3649240;3683100;3724660;3759430;3781100;3800080;3814410;3837770;3858270;3876640;3893930;3910720;3926740;3941240;3954550;3967290;3978700
Tonga;91360;91770;92200;92630;92880;93350;93740;94000;93320;92780;92120;91260;92140;93780;94440;95200;96200;97440;98870;100510;102350;104260;106160;108170;110260;112450;114710;116940;119010;120900;122580
Greenland;50210;51030;51660;52110;52630;53150;53640;54100;54850;55410;55630;55540;55490;55640;55920;56190;56340;56510;56610;56700;56890;57130;57360;57540;57700;57780;57640;57530;57560;57600;57640
Rwanda;5139840;5308990;5483280;5663170;5833740;5986590;6161710;6372800;6597220;6816860;6999320;7143740;7298570;7596680;6505530;5472980;6546460;7647420;8041840;8222350;8398410;8610980;8857370;9098470;9361250;9611070;9857220;10141080;10440770;10746310;11055980
Dominica;73890;73520;73810;74290;73990;73110;72380;71820;71340;70510;70010;70120;70280;70420;70920;71420;71000;70280;70040;70350;70820;71210;71530;71730;71930;72120;72250;72380;72510;72660;72810
Mauritius;963700;979050;992040;1002180;1012040;1020540;1028230;1036270;1044940;1053400;1061600;1071720;1084810;1098640;1111300;1123120;1135340;1148350;1160660;1173130;1185930;1197880;1209590;1221000;1232060;1242820;1253430;1263900;1274190;1284260;1294100
Syria;8752410;9049230;9386650;9735120;10094940;10466140;10848570;11242970;11646010;12052940;12500000;12933130;13311650;13685180;14061430;14448570;14843700;15244450;15649850;16058940;16471240;16885070;17299820;17715350;18136820;18562670;19322690;20487720;21324860;21762980;22198110
Singapore;2413900;2535370;2651870;2689260;2743300;2749900;2750070;2794550;2869270;2957750;3047100;3144580;3235870;3328150;3427980;3542870;3672280;3802310;3904530;3967750;4036750;4120230;4197780;4276790;4353890;4425720;4492150;4553010;4608170;4657540;4701070
Western Sahara;124040;139090;154550;165680;172400;179330;186480;193850;201430;209260;217370;225750;234400;243300;252440;263870;277670;291840;306350;321180;336300;351690;367390;383400;399740;415400;430320;445400;460630;476010;491520
Mozambique;12102620;12363230;12587330;12772840;12922820;13062600;13143020;12894850;12523010;12482100;12666570;12934800;13180000;13691370;14781460;15764750;16298340;16759660;17220030;17676730;18124560;18559160;18979170;19383080;19772840;20154010;20530020;20905580;21284700;21669280;22061450
Saint Vincent/Grenadines;98140;99200;100480;101810;102890;103850;104760;105500;106140;106750;107390;107960;108220;108540;108690;108790;108770;108610;108400;108120;107860;107610;107260;106880;106480;106070;105690;105310;104940;104570;104220
Chad;4522390;4514940;4732880;4971160;5025170;5066040;5214200;5391520;5556340;5714910;5841410;6028220;6263270;6379100;6496690;6769690;7051000;7261710;7479320;7708740;7942680;8179410;8436190;8745740;9097660;9400660;9648960;9885660;10111340;10329210;10543460
Lesotho;1358570;1395180;1432820;1471480;1511110;1551640;1586600;1615690;1644840;1674020;1703260;1732500;1761710;1790790;1819500;1847570;1869050;1883540;1896600;1907670;1916320;1922340;1925640;1926350;1924900;1922120;1919200;1916860;1915470;1916130;1919550
Virgin Islands,  U.S.;99640;99850;100070;100350;100600;100760;100840;100900;100950;101040;103960;104810;105710;106580;107320;107820;108090;108360;108540;108600;108640;108750;108920;109150;109350;109600;109760;109820;109830;109810;109750
Estonia;--;--;--;--;--;--;--;--;--;--;--;--;1528720;1491430;1467540;1446510;1427830;1413350;1400970;1389760;1379840;1369980;1360120;1350720;1341660;1332890;1324330;1315910;1307600;1299370;1291170
Dominican Republic;5696860;5831710;5968740;6105820;6241550;6378550;6516820;6656960;6798770;6941870;7083620;7224800;7362930;7494280;7624130;7758970;7898980;8039940;8182210;8325200;8468910;8613550;8756900;8896580;9032390;9164470;9295040;9426230;9558180;9690790;9823820
France;53987660;54279950;54571200;54784010;55089250;55314770;55541800;55785740;56043520;56582720;56905100;57241720;57560040;57866410;58115960;58365580;58616020;58872500;59136740;59406020;59703560;60029900;60363200;60691600;61046810;61434960;61826130;62225770;62611580;62982960;63339640
Latvia;--;--;--;--;--;--;--;--;--;--;--;--;2615870;2565710;2523530;2488010;2460280;2435970;2413170;2393660;2376180;2358230;2340210;2322940;2306310;2290240;2274740;2259810;2245420;2231500;2217970
Timor-Leste (East Timor);--;--;--;--;--;--;--;--;--;--;--;--;--;--;--;--;--;--;--;--;--;--;--;998550;1020050;1041810;1063840;1086170;1108780;1131610;1154630
Nepal;14665250;15010860;15375070;15756850;16155060;16569980;17002210;17452690;17922080;18410930;18918260;19448330;20033370;20641370;21246740;21876670;22502570;23109340;23700290;24269870;24818160;25335610;25815050;26275380;26708320;27093870;27458950;27827890;28196960;28563380;28951850
Bulgaria;8843530;8869440;8892100;8910280;8928270;8943570;8958770;8971960;8982030;8990060;8894030;8772370;8658510;8441870;8353340;8255810;8161030;8066060;7971770;7893230;7818500;7738420;7661800;7588400;7517970;7450350;7385370;7322860;7262680;7204690;7148790
Ghana;11011190;11170960;11394150;12150580;12832310;13228620;13781920;14173880;14574130;14982760;15407740;15848230;16292850;16805370;17301850;17704060;18085390;18473510;18887710;19314500;19751620;20196290;20661460;21137200;21600980;22062380;22524380;22980700;23434570;23887810;24339840
Slovenia;--;--;--;--;--;--;--;--;--;--;--;--;1999210;1999930;2001040;2002830;2007430;2011610;2010810;2009650;2010560;2011180;2011500;2011600;2011470;2011070;2010350;2009250;2007710;2005690;2003140
Taiwan;17848320;18177430;18501390;18803390;19083350;19337360;19555580;19757800;19976100;20207540;20278250;20492090;20687200;20886060;21093250;21290410;21457710;21638530;21834440;22007810;22182860;22335810;22450630;22543470;22622390;22701080;22781870;22858870;22920950;22974350;23024960
Austria;7549430;7564630;7574610;7552900;7554130;7559780;7568240;7578900;7599790;7627860;7722950;7818420;7914970;7988600;8027540;8047430;8060850;8069880;8078620;8094160;8113410;8131690;8148310;8162660;8174760;8184690;8192880;8199780;8205530;8210280;8214160
Ethiopia;38605200;40359370;42189990;43459900;44512300;45168620;45988220;47226220;48674740;50128210;51535330;53205160;54760610;56031390;54034250;55549970;57192650;58805420;60483900;62279400;64164960;66122580;68187270;70366070;72637210;74980290;77411400;79935800;82544840;85237340;88013490
Zimbabwe;7169970;7429220;7636520;7928340;8241210;8560490;8876780;9216480;9560050;9868200;10156040;10437420;10720250;10976370;11086480;11159490;11316950;11469390;11606920;11733080;11820030;11867860;11866020;11815520;11735050;11639470;11544330;11443190;11350110;11392630;11651860
Cayman Islands;17080;17900;18520;19090;20020;20850;21440;22070;24500;25070;26360;27510;28680;30010;31300;32490;33680;34870;36060;37250;38440;39620;40800;41990;43160;44340;45520;46690;47860;49040;50210
Yemen;9132550;9390140;9657620;9936260;10229270;10539930;10869580;11219340;11591070;11986390;12416080;12882420;13368000;13885760;14394750;14861560;15325720;15815710;16327200;16859090;17407260;17970540;18546200;19134110;19733830;20344670;20964520;21591040;22222850;22858240;23495360
Netherlands;14143900;14246050;14310400;14362380;14420020;14491380;14571880;14665280;14761340;14848910;14951510;15066220;15174240;15274940;15382200;15459050;15527810;15604460;15699260;15801950;15907850;16017440;16122830;16223250;16318200;16407490;16491460;16570610;16645310;16716000;16783090
Ireland;3401000;3443400;3480000;3504000;3529000;3540000;3540500;3539900;3529600;3513200;3508200;3530770;3557760;3578350;3595540;3613890;3636180;3681230;3728010;3774860;3822200;3872700;3933130;4002170;4091160;4199190;4309020;4419980;4517710;4580000;4622920
Guatemala;6649590;6828680;6982720;7188650;7380340;7580840;7820000;8159880;8495820;8730580;8965550;9213250;9367080;9522880;9779110;10027820;10267950;10496120;10708140;10903420;11085030;11284350;11506670;11725210;11939990;12182550;12454750;12728110;13002210;13276520;13550440
Pakistan;85219120;90975080;94096120;96881430;99354340;102078650;105239620;108584080;112021090;115419220;118816190;122248180;124961770;127562730;130746250;134185370;137911170;141445500;144885290;148379200;152429040;156795440;160269230;163165640;166223610;169278640;172381870;175495080;178479390;181457280;184404790
Romania;22130040;22256550;22356730;22407280;22453790;22521200;22599680;22686370;22768900;22852120;22865950;22825560;22797030;22765760;22733020;22687410;22622470;22557740;22511380;22476290;22447350;22415500;22365750;22304680;22247630;22197160;22150480;22106150;22060810;22011820;21959280
Bhutan;446040;461950;478240;494890;511890;529200;546810;564720;582890;599610;614740;625040;601660;576690;574720;566310;565330;574840;585270;595630;605870;615980;625940;635760;645410;654900;664210;673350;682320;691140;699850
Solomon Islands;230770;238740;246930;255350;264010;272930;282120;291540;301180;311040;321130;331470;342040;352840;363850;375070;386490;398090;409840;421720;433730;445910;458220;470650;483170;495750;508380;521070;533780;546490;559200
Togo;2625510;2719570;2816600;2917500;3021790;3129430;3240720;3355920;3475140;3597140;3720790;3846050;3972810;3952580;3981990;4202910;4402070;4572450;4715170;4852450;4991830;5134570;5277930;5424960;5578210;5714520;5865400;6042380;6220350;6405010;6587240
Germany, East;16757900;16741830;16735270;16741660;16725420;16714910;16703490;16628300;16610570;16654910;16150390;--;--;--;--;--;--;--;--;--;--;--;--;--;--;--;--;--;--;--;--
Croatia;--;--;--;--;--;--;--;--;--;--;--;--;4494010;4486070;4511190;4496680;4464030;4444590;4420190;4408380;4410830;4439110;4481020;4497780;4496870;4495900;4494750;4493310;4491540;4489410;4486880
Czech Republic;--;--;--;--;--;--;--;--;--;--;--;--;--;10326430;10330160;10323830;10311820;10300710;10290950;10280440;10270130;10262310;10256300;10251090;10246180;10241140;10235460;10228740;10220910;10211900;10201710
Samoa;159040;160920;160740;160660;160660;160740;160860;161100;161520;162100;162830;163690;164800;166120;167480;168890;170330;171810;173310;174760;176210;177790;179430;181090;182770;184490;186250;187960;189500;190900;192000
Sudan;19482450;20196610;20943640;21697040;22401890;23145250;23784220;24279900;24672470;25192690;25888100;26768950;27668380;28394760;29160410;29952960;30630130;31416100;32361920;33224460;34109300;35024490;35926600;36707830;37442230;38363080;39396400;40526070;41680780;42811280;43939600
Bangladesh;87937330;94143140;96185330;98234860;100279950;102308350;104345430;106381940;108374520;110316230;112212570;113910680;115750940;117620670;119515090;121442310;123432520;125505820;127660130;129879060;132150770;134477530;136869840;139305030;141734400;144138740;146517110;148893740;151289990;153700330;156118460
Italy;56472710;56524200;56557630;56652440;56719460;56753800;56756600;56752660;56757070;56760720;56766360;56771240;56864920;57051100;57204090;57299410;57392320;57505200;57576480;57630230;57746420;57872540;57955190;58027090;58086690;58132640;58163460;58178080;58176070;58157330;58122160
Philippines;50940180;52227600;53557180;54885410;56257880;57705690;59185950;60648110;62080710;63554670;65087720;66572230;67977760;69416970;70944550;72597430;74335820;76057060;77740550;79448130;81222080;83095280;84936410;86751690;88621790;90435790;92266940;94157470;96061680;97976600;99900180
U.S. Pacific Islands;137960;142830;147620;152810;158250;164060;171040;179030;188410;199800;213670;220700;227610;234380;225980;230150;234270;238400;242440;246300;249990;253650;257390;261160;264940;258140;249570;248880;246780;244240;242210
Barbados;251970;252360;253480;254850;256110;257250;258270;259120;259950;261090;262260;263340;264600;265700;266630;267670;268810;270060;271290;272500;273680;274910;276220;277550;278820;280040;281210;282360;283500;284590;285650
Guinea-Bissau;788900;807060;825770;845010;864780;885060;905930;927410;949540;972390;995990;1020220;1051000;1084460;1116510;1143330;1166260;1194110;1222240;1250410;1278860;1306450;1333120;1359920;1386930;1414160;1442750;1472780;1503180;1533960;1565130
Sweden;8310470;8320490;8325260;8329030;8342620;8356340;8384070;8421400;8469340;8526280;8600820;8668110;8718870;8769280;8831490;8877890;8892230;8897620;8902680;8909790;8923570;8939910;8954170;8970310;8986400;9001770;9016600;9031090;9045390;9059650;9074060
Panama;1959570;1998900;2039500;2080790;2123460;2167620;2212160;2256740;2301680;2347200;2393440;2440750;2489230;2538360;2587710;2638170;2689790;2743680;2797230;2847790;2899510;2952290;3003420;3053610;3104180;3155030;3206480;3258330;3309680;3360470;3410680
Cote dIvoire (IvoryCoast);8593260;8922470;9259830;9606460;9963430;10331680;10712060;11105270;11511740;11930650;12490880;13039520;13422140;13860570;14379920;14845800;15281450;15686230;16045360;16456880;16884580;17310970;17687650;18068000;18504380;18920500;19326800;19746950;20179600;20617070;21058800
United Kingdom;56518880;56589030;56538480;56573760;56645730;56796290;56967930;57147290;57319410;57478390;57641300;57805090;57968630;58087950;58240430;58422690;58581810;58732610;58920630;59151640;59383610;59619970;59848270;60071800;60376650;60738870;61100660;61505890;61901840;62258570;62612540
Palestine;--;--;--;--;--;--;--;--;--;--;--;--;--;--;--;--;--;2833800;2924520;3016650;3110090;3204750;3300590;3398000;3497180;3597850;3699930;3803370;3907880;4013130;4119080
Antigua and Barbuda;68550;68260;68010;65620;64470;64400;64400;64420;64430;64390;64160;64030;65180;66330;67490;68710;70060;71450;72780;74020;75350;76730;77940;79070;80190;81280;82340;83430;84520;85630;86750
Mali;6821610;6950020;7082380;7219010;7360210;7506200;7657260;7813570;7977190;8156350;8327110;8511870;8742400;8953210;9175220;9336020;9515800;9783840;10046090;10335650;10620820;10917630;11219690;11522800;11827330;12133820;12446530;12768790;13100810;13443230;13796350
Iraq;13232840;13703100;14173320;14652220;15160550;15693620;16247340;16543190;17040560;17572540;18139960;17477370;17868280;18411480;18976090;19563610;20167970;20781250;21402710;22035600;22679080;23334730;24004050;24685180;25376250;26076090;26784180;27500160;28221440;28945570;29671610
Uzbekistan;--;--;--;--;--;--;--;--;--;--;--;--;21609640;22127600;22603820;23067330;23523860;23952220;24342330;24701550;25041820;25372380;25696310;25992140;26268100;26539890;26810460;27079270;27345030;27606010;27865740
Falkland Islands (Islas Malvinas);2000;2000;2000;2000;2000;2000;2000;2000;2000;2000;2000;2000;2000;2000;2000;2000;2000;2430;2600;2800;2850;2900;2930;2970;2970;2970;2970;2970;3140;3140;3140
Germany;--;--;--;--;--;--;--;--;--;--;--;79984240;80597760;81132270;81414160;81653700;81890670;82011070;82023670;82074780;82187910;82280550;82350670;82398330;82424610;82431390;82422300;82401000;82369550;82329760;82282990
Burma (Myanmar);33336420;33981810;34642190;35325990;36035360;36765870;37517680;38287660;39025320;39734460;40463610;41180560;41791150;42437420;43217590;43993980;44726710;45426170;46110820;46781680;47438870;48081060;48715750;49344680;49962200;50572090;51161670;51755840;52228150;52826120;53414370
Gambia, The;670520;692660;715520;739140;764000;790550;818760;848700;880420;913990;949430;986630;1025460;1065950;1107580;1149800;1192580;1235850;1279570;1323700;1368220;1413050;1458110;1503400;1548880;1594510;1640290;1686140;1732080;1778080;1824160
Russia;--;--;--;--;--;--;--;--;--;--;--;--;148399810;148390230;148442370;148490270;148311700;148067410;147813350;147352170;146709970;145990310;145162620;144307850;143507430;142775580;142069490;141377750;140702090;140041250;139390210
Mexico;68347480;69969260;71640900;73362880;75080140;76767230;78442430;80122490;81781820;83366840;84913650;86488030;88111030;89749140;91337900;92880350;94398580;95895150;97325060;98616910;99926620;101246960;102479930;103718060;104959590;106202900;107449530;108700890;109955400;111211790;112468860
China;984736460;997000720;1012490490;1028356530;1042756050;1058007720;1074522560;1093725710;1112866410;1130729410;1148364470;1163610390;1177535610;1190761830;1203801740;1216378440;1227882190;1238125660;1247502220;1255992500;1263637530;1270744230;1277594720;1284303320;1291001800;1297765320;1304261880;1310583540;1317065680;1323591580;1330141290
Laos;3293160;3336980;3411160;3494960;3576710;3657170;3761770;3869310;3979880;4093570;4210450;4330630;4454180;4581220;4711830;4846120;4947630;5054900;5167650;5285810;5397410;5498520;5578030;5654000;5746040;5836360;5930790;6035410;6145180;6256870;6368160
United Arab Emirates;1000290;1069720;1137550;1209100;1284390;1363480;1446570;1530440;1622750;1722060;1826250;1936690;2056290;2184200;2319180;2457980;2599580;2746330;2898500;3056080;3219300;3387330;3558100;3731700;3907950;4086600;4265910;4444010;4621400;4798490;4975590
Nigeria;74821270;77149580;79510980;81163740;82724290;84889380;87092240;89405020;91760420;94159650;96603760;99092500;101625070;104199680;106814040;109465080;112149020;114862040;117599570;120369200;123178820;126014330;128864320;131727520;134604510;137495060;140397770;143312100;146255310;149229090;152217340
Malaysia;13460090;13875210;14308290;14752620;15197920;15649110;16111170;16578900;17055110;17471980;17882220;18376070;18861910;19338220;19835020;20339030;20856690;21407150;21977230;22553410;23151280;23737360;24282610;24880400;25475470;25968120;26432160;26895560;27357760;27817870;28274730
Former Serbia and Montenegro;--;--;--;--;--;--;--;--;--;--;--;--;10265850;10306940;10351040;10390510;10450740;10472860;10342790;10159900;10036770;9995370;10002030;9996370;9986280;9968760;--;--;--;--;--
India;684887700;699153770;713710940;728521550;744016970;759612210;775063240;790640430;806379400;822218830;838158830;853724390;870113190;886743710;903579290;920584970;937725480;954926050;972112810;989250190;1006300300;1023295080;1040284820;1057251120;1074159020;1090973030;1107624350;1124134800;1140566210;1156897770;1173108020
Tajikistan;--;--;--;--;--;--;--;--;--;--;--;--;5500030;5546630;5604490;5678230;5764360;5864690;5983490;6110860;6229700;6339100;6452010;6567850;6688430;6814790;6944060;7076600;7211880;7349150;7487490
Comoros;333510;340880;348820;357200;366030;375300;385050;395280;406030;417310;429140;441540;454530;468100;482260;497010;512320;528120;544440;561260;578630;596460;614670;633270;652260;671640;691370;711420;731780;752440;773410
Slovakia;--;--;--;--;--;--;--;--;--;--;--;--;--;5323580;5345260;5361590;5373190;5383010;5390240;5395740;5400320;5404680;5410050;5416410;5423570;5431360;5439450;5447500;5455410;5463050;5470310
Bahamas, The;209760;213450;217130;220860;224620;228200;231430;234480;237710;241240;245130;249310;253560;257660;261510;265180;268880;272560;275990;279310;282590;285690;288580;291350;294060;296710;299290;301970;304730;307550;310430
Norway;4085620;4099700;4114790;4128430;4140090;4152420;4166600;4186150;4208730;4226140;4242010;4261730;4286360;4311960;4336640;4359100;4381280;4405670;4432720;4463380;4492400;4515200;4535590;4555400;4574560;4593040;4610820;4627930;4644460;4660540;4676310
Haiti;5507700;5622870;5740420;5862290;5988980;6119920;6253860;6389670;6518780;6652690;6797940;6929830;7069970;7232840;7399690;7570400;7740670;7909680;8080560;8249710;8412890;8568580;8723190;8883670;9045690;9204670;9357560;9500490;9639080;9777970;9648920
Swaziland;611460;631310;649810;672410;696340;721570;749420;777590;814990;849300;881600;922470;959020;988720;994920;1003640;1032450;1061060;1089400;1117140;1143930;1169520;1193710;1216440;1237950;1258980;1279800;1299910;1319100;1337190;1354050
Malawi;6258930;6459670;6668540;6883930;7104350;7330010;7608550;8052740;8586620;9090830;9546000;9930810;10309600;10495110;10320450;10264050;10526810;10838840;11155340;11476850;11801510;12128670;12460090;12796800;13140140;13492110;13855680;14232790;14623680;15028760;15447500
Azerbaijan;--;--;--;--;--;--;--;--;--;--;--;--;7459400;7482150;7494980;7554940;7628440;7677880;7726490;7768710;7809050;7847230;7883780;7924120;7968350;8015570;8066160;8120250;8177720;8238670;8303510
Sri Lanka;15055970;15315490;15575470;15784460;15976920;16188110;16423790;16663120;16903080;17142290;17365080;17559050;17755610;17997150;18247060;18475880;18679670;18868200;19055660;19241040;19435870;19646270;19870070;20097490;20303270;20504260;20717930;20926320;21128770;21324790;21513990
French Guiana;70000;70000;70000;80000;80000;90000;90000;100000;110000;110000;120000;120000;130000;130000;140000;150000;150000;160000;170000;170000;170000;177560;182240;186920;191310;191310;191310;191310;191310;191310;191310
Papua New Guinea;2846400;2917160;2991000;3067600;3146900;3228930;3313750;3401470;3492130;3585880;3682830;3783090;3886600;3993250;4103100;4215890;4331070;4448370;4567800;4689320;4812790;4937450;5062600;5188110;5313890;5439770;5565560;5691090;5816230;5940780;6064520
Mongolia;1662380;1708830;1756030;1805000;1855690;1907700;1960800;2015130;2070720;2160600;2217540;2270380;2317950;2359690;2400650;2447040;2494850;2539220;2581520;2623050;2663760;2704470;2744550;2784080;2824570;2865990;2908400;2951790;2996080;3041140;3086920
Gabon;713830;730840;754240;779020;805260;833040;859450;880920;899740;918840;938080;960430;986370;1013160;1040810;1069070;1097710;1126940;1157170;1195650;1236430;1269150;1300420;1332620;1364410;1395690;1426390;1456450;1485830;1514990;1545260
Costa Rica;2299120;2357290;2424370;2494350;2567600;2644310;2723380;2799340;2874120;2949890;3023270;3093020;3168360;3256530;3351200;3444740;3536000;3625320;3713740;3800170;3882580;3956210;4020950;4083820;4146700;4208690;4269770;4331130;4393240;4455050;4516220
Central African Republic;2348780;2412770;2477570;2543280;2629270;2714150;2775360;2840880;2917180;2999870;3084970;3174490;3266520;3367030;3465850;3544410;3621610;3707380;3797960;3889220;3979860;4053930;4128420;4214920;4288750;4363040;4448950;4543730;4641320;4741920;4844930
Suriname;354080;352510;360090;367620;374260;380420;384890;386620;388560;392550;394800;395360;396500;397240;398770;402830;407610;413390;419930;426260;432490;438510;444330;449930;455320;460500;465610;470780;476000;481270;486620
Mauritania;1544910;1577650;1611890;1647590;1684770;1723470;1763680;1805390;1848500;1885830;1924980;1973430;2042820;2119240;2183340;2234790;2270680;2315220;2374100;2436910;2500870;2565790;2631850;2699240;2767950;2837940;2909100;2981450;3054930;3129490;3205060
Cuba;9652980;9711980;9789220;9881260;9973730;10065630;10144380;10216820;10305520;10407900;10513440;10611140;10691910;10756670;10813260;10865450;10911700;10951860;10998530;11052980;11105860;11155820;11202690;11246680;11287850;11326150;11361550;11394040;11423950;11451650;11477460
Brunei;185220;192830;198860;204950;211220;217840;224730;231820;238880;245850;252890;259250;265760;273110;280500;287990;295570;303110;310530;317900;325300;332650;339990;347260;354310;361110;367820;374580;381370;388190;395030
Turks and Caicos Islands;7470;7790;8150;8520;8910;9320;9730;10160;10610;11060;11510;12080;12660;13250;13840;14440;15040;15650;16270;16890;17510;18130;18750;19360;19970;20570;21170;21760;22350;22940;23530
Serbia;--;--;--;--;--;--;--;--;--;--;--;--;--;--;--;--;--;--;--;--;--;--;--;--;--;--;9252800;9232570;9208870;9184180;9159900
Brazil;123019630;125992130;129027650;131960120;134699470;137381980;140196280;143026540;145872750;148658640;151170060;153583960;156032060;158512050;161017060;163544280;166085860;168638740;171201160;173763870;176319620;178869660;181417590;183959920;186488600;188993080;191469010;193918580;196342590;198739270;201103330
Madagascar;8691250;8938760;9195870;9463020;9740540;10028630;10327390;10636880;10957340;11289160;11632870;11988710;12356680;12736610;13128410;13532360;13948480;14376600;14816580;15271260;15741940;16226820;16725890;17239520;17768150;18312160;18872160;19448820;20042550;20653560;21281840
Greece;9642510;9729350;9786480;9840530;9887170;9923250;9951370;9974490;9982720;10030770;10129600;10250880;10325430;10382990;10429830;10457550;10479420;10502370;10520070;10536750;10559110;10581520;10603860;10625950;10647530;10668350;10688060;10706290;10722820;10737430;10749940
Montserrat;11770;11790;11660;11560;11440;11320;11210;11090;10970;10850;10730;10610;10500;10410;10340;10270;7950;5950;3380;3380;3950;4240;4810;4490;4960;4530;4630;4510;5080;5100;5120
Cameroon;8762490;9047920;9282550;9562720;9867130;10191370;10530150;10867100;11200980;11540120;11884500;12230300;12574750;12920470;13264170;13603160;13944740;14290130;14637980;14988500;15343040;15706860;16094440;16489010;16872750;17261470;17657860;18060380;18467690;18879300;19294150
Senegal;5611330;5754460;5902850;6055540;6213700;6378410;6549790;6727840;6912570;7127290;7347610;7553970;7759250;7961000;8166150;8378060;8594910;8809850;9037140;9252820;9469280;9716200;9972440;10240140;10519120;10804120;11096110;11394300;11698340;12008070;12323250
Zambia;5642780;5830630;6047500;6283370;6505480;6715790;6951920;7194550;7417970;7634940;7857550;8088300;8321810;8555050;8789120;9020680;9254850;9515520;9780770;10050020;10345170;10646100;10916960;11172510;11433700;11710360;12013260;12341080;12694230;13060680;13460310
Algeria;18806060;19407040;20033750;20680980;21340550;22008450;22642540;23254960;23880770;24496310;25089030;25687080;26298450;26916440;27521480;28089150;28604040;29083560;29535580;29979820;30429230;30874310;31312480;31740900;32157670;32560740;32959250;33362740;33769670;34178190;34586180
Trinidad and Tobago;1090510;1107840;1127320;1148150;1168880;1189030;1208330;1224990;1238380;1248160;1255190;1260390;1263500;1265120;1265250;1264320;1262460;1260150;1257640;1254630;1251780;1249050;1245840;1242430;1239330;1236690;1234560;1232810;1231320;1229950;1228690
Libya;3068620;3207680;3347890;3488580;3629170;3680030;3704540;3805140;3918980;4032950;4146390;4259390;4372000;4483620;4593320;4662860;4695280;4768920;4884100;5003140;5125440;5250890;5379240;5510130;5643080;5777530;5913230;6049900;6187040;6324360;6461450
Spain;37488360;37750800;37983310;38184170;38362860;38534850;38707560;38880700;39053880;39214520;39350770;39461420;39552430;39637700;39707880;39764710;39820560;39907240;40046100;40251440;40589000;41046890;41639610;42321030;43000160;43704370;44431750;45211640;45910370;46295240;46505960
Kuwait;1369770;1432190;1497490;1565820;1637310;1732820;1811540;1891540;1973200;2056830;2142060;954220;1418290;1483980;1551650;1621050;1693160;1765640;1836210;1905670;1974080;2042560;2112250;2183950;2258430;2336620;2419460;2506720;2598060;2692530;2789130
Moldova;--;--;--;--;--;--;--;--;--;--;--;--;4438080;4443780;4441210;4432600;4422120;4416280;4411810;4403070;4390810;4378370;4367120;4356390;4347420;4340180;4334010;4328820;4324450;4320750;4317480
Cape Verde;296450;300200;304090;308200;312490;316890;321340;325870;330500;335170;339760;346830;356490;366240;375920;385430;394800;404000;412970;421680;430130;438450;446700;454830;462800;470600;478310;485990;493620;501180;508660
Namibia;--;--;--;--;--;--;--;--;--;--;1470570;1511990;1552500;1595140;1638330;1681480;1724320;1766140;1806530;1846700;1893440;1935100;1960670;1983430;2006650;2028360;2049150;2069030;2088670;2108660;2128470
Afghanistan;15043600;13673680;12577430;12430580;12753840;13093710;13084960;12999490;13093820;13407140;13449370;13527170;14855200;16819740;18287710;19225940;19864650;20490220;21132120;21821570;22020950;22022200;23050740;24388580;25001340;25538050;26235210;26911530;27658890;28395720;29121290
Netherlands Antilles;232440;234490;237570;240920;243850;244430;184330;185670;186690;187630;188790;190140;192000;194500;196790;198910;201240;203540;205810;208020;210180;212290;214340;216320;218240;220100;221890;223650;225370;227050;228690
Malta;364000;363650;360220;355770;351380;347040;346630;349050;351950;355320;359110;362580;365900;370010;373610;376890;379960;382950;385610;387800;389950;391870;393520;395180;396850;398530;400210;401880;403530;405170;406770
Jordan;2162780;2253770;2347640;2440680;2534380;2630360;2727500;2823900;2920780;3023500;3266560;3634830;3870910;3987070;4084730;4176430;4281660;4385250;4485220;4584830;4687620;4793350;4902060;5013780;5128260;5245400;5617220;5997190;6132630;6269290;6407090
Former Yugoslavia;21769030;21904970;22061120;22198680;22318230;22454740;22583880;22704350;22818120;22923990;23015850;23097520;--;--;--;--;--;--;--;--;--;--;--;--;--;--;--;--;--;--;--
Liberia;1857100;1913000;1971480;2032370;2095770;2161750;2230380;2301760;2375950;2452970;2138590;1814710;1893880;1952630;1917530;1900280;1932230;2097450;2349510;2495390;2600670;2679790;2753040;2769680;2795940;2930080;3107610;3269940;3440370;3583390;3685080
Somalia;5793560;5828800;5834500;6010350;6217740;6458540;6714930;6939080;6918290;6766330;6692040;6464480;6116210;6101020;6264440;6400720;6574260;6751080;6965200;7171020;7385720;7626770;7896780;8174240;8459470;8752450;9030180;9291610;9558670;9832020;10112450
New Zealand;3168150;3183450;3214900;3256450;3296090;3321810;3338630;3350490;3359310;3375540;3411680;3453200;3491550;3534640;3584300;3640180;3695010;3736420;3762310;3781760;3800400;3835760;3896330;3958130;4006010;4046060;4087800;4130180;4171300;4211260;4250120
Niue;2000;2000;2000;2000;2000;2000;2000;2000;2000;2000;2000;2000;2000;2000;2000;2000;2000;2000;2000;2000;2000;2120;2130;2150;2160;2160;2160;2160;2160;2160;2160
Belgium;9846800;9852400;9856300;9855520;9855300;9858200;9861800;9870200;9884000;9937700;9969310;10004490;10045620;10085430;10122910;10155460;10178930;10199790;10217030;10235660;10263620;10291680;10311970;10330820;10348280;10364390;10379070;10392230;10403950;10414340;10423490
Saint Helena;6470;6580;6640;6750;7490;7940;8310;6540;6590;6630;6680;6730;6780;6840;6890;6950;7000;7060;7120;7180;7230;7280;7340;7390;7430;7480;7520;7560;7600;7640;7670
Chile;11093720;11282300;11487110;11686620;11879770;12067800;12261000;12464520;12678690;12902320;13128920;13353670;13574160;13789430;14001220;14206610;14405410;14601090;14792160;14976550;15155740;15331890;15503940;15671910;15835630;15995040;16150840;16303850;16454140;16601710;16746490
Albania;2671410;2724270;2780100;2837320;2896000;2956700;3015440;3075320;3136840;3195800;3244930;3181050;3072010;3066290;3111160;3158150;3203600;3225410;3212770;3187330;3158350;3128000;3098030;3069670;3045640;3024530;3005780;2991580;2984120;2982540;2986950
Armenia;--;--;--;--;--;--;--;--;--;--;--;--;3378330;3231570;3126090;3068750;3063400;3059000;3049150;3047620;3042560;3027590;3013820;3001710;2991360;2982900;2976370;2971650;2968590;2967000;2966800
Kiribati;57540;58450;59350;60250;61150;62030;63770;65590;67480;69390;71290;72660;73630;74670;75610;76540;77900;79690;81530;83340;85120;86760;88260;89700;91120;92590;94060;95480;96860;98190;99480
Ukraine;--;--;--;--;--;--;--;--;--;--;--;--;51867280;51884230;51635550;51244840;50810050;50367450;49937200;49485060;49005220;48507920;48056820;47667080;47305390;46959420;46620330;46299860;45994290;45700400;45415600
Oman;1185480;1249510;1313600;1376750;1438120;1497230;1554390;1611670;1670760;1731790;1794380;1866070;1939490;2014570;2076790;2138570;2199660;2259730;2318610;2376180;2432380;2487300;2541080;2593790;2645610;2696890;2748200;2800280;2853880;2909630;2967720
Montenegro;--;--;--;--;--;--;--;--;--;--;--;--;--;--;--;--;--;--;--;--;--;--;--;--;--;--;691870;684740;678180;672180;666730
Eritrea;--;--;--;--;--;--;--;--;--;--;--;--;--;--;3379690;3565000;3733060;3841580;3963110;4079570;4197310;4337990;4505430;4700020;4907340;5069560;5214330;5357680;5502030;5647170;5792980
Benin;3458060;3564850;3675130;3789040;3907050;4030480;4157850;4287910;4422110;4561160;4705440;4855060;5010140;5250360;5488150;5646830;5820230;6006230;6202320;6406770;6619120;6839010;7064490;7293710;7526830;7777710;8031710;8278160;8532550;8791830;9056010
Lebanon;2898700;2951700;3005600;3060240;3115440;3170960;3225580;3277980;3327780;3374480;3440180;3506130;3548030;3585390;3620710;3653900;3685040;3714290;3741820;3767530;3791500;3814110;3835460;3855480;3874490;3892390;3851100;3895560;4038020;4099320;4125250
Macedonia;--;--;--;--;--;--;--;--;--;--;--;--;1889360;1917560;1935030;1954050;1971100;1984860;1995470;2004990;2014510;2023910;2030440;2035150;2040090;2045260;2050550;2055920;2061320;2066720;2072090
Maldives;152870;157250;161900;166850;172100;177300;184610;192210;200080;208200;216610;227220;237850;246910;253380;260580;270530;275710;281180;291480;299980;305910;311860;318490;326600;336250;348120;364970;385930;396330;395650
Switzerland;6410300;6451120;6494380;6527520;6556280;6590650;6630430;6677490;6731940;6791730;6865420;6949850;7025150;7088380;7145080;7187960;7212140;7225060;7239530;7264680;7299130;7343770;7394600;7441470;7484310;7523100;7557930;7588920;7616040;7639230;7658440
Botswana;900480;934440;970650;1007020;1043400;1079690;1115760;1152010;1188940;1226520;1264610;1303100;1344730;1389350;1433690;1477590;1520910;1563190;1604010;1642940;1679680;1714010;1746180;1777090;1807830;1840120;1875780;1913420;1952050;1990880;2029310
Finland;4779540;4799960;4826930;4855790;4881790;4901780;4917390;4931730;4946630;4962440;4986430;5013790;5041040;5064850;5086040;5104650;5120310;5134410;5146980;5158100;5168600;5180310;5193040;5204410;5214510;5223440;5231370;5238460;5244750;5250280;5255070
Bahrain;347570;363430;377960;393030;408300;423990;439620;454710;469600;484940;500650;515430;529710;544250;558680;572950;586390;598930;611180;623080;634620;645890;656970;667850;678550;689050;699340;709380;719170;728710;738000
Saint Pierre and Miquelon;5990;6010;6050;6070;6110;6160;6210;6250;6280;6310;6320;6330;6360;6380;6400;6400;6410;6420;6420;6430;6410;6370;6330;6290;6250;6200;6150;6100;6050;6000;5940
Turkey;45047970;46253230;47464180;48660620;49839740;50997010;52127340;53242670;54355530;55462480;56560680;57650230;58731170;59800530;60867090;61940150;63017800;64097690;65177180;66254000;67329300;68404900;69479040;70548640;71613540;72673810;73726120;74767840;75793840;76805520;77804120
Iceland;228160;230800;234000;237040;239500;241400;243000;244680;249890;252750;254720;256830;259010;261270;266080;267530;269000;271190;274000;277280;281040;284810;288030;291060;293970;296740;299390;301930;304370;306690;308910
American Samoa;32420;33600;34710;35840;37090;38630;40160;41880;43620;45380;47200;48570;49950;51380;52730;53910;54960;55970;56930;57850;57770;58740;59640;60500;61460;62400;63220;64030;64830;65630;66430
Korea, North;17113630;17384010;17647520;17917990;18196000;18481420;18772460;19067550;19371140;19687910;20018550;20361090;20711380;21072650;21328970;21533980;21605960;21470450;21204870;21102090;21263450;21494730;21712140;21898280;22054480;22198570;22331560;22454220;22565350;22665350;22757280
French Polynesia;150900;155690;160420;165320;170280;175410;180640;185840;191170;196540;201820;207080;212170;217190;222070;226760;231300;235770;240240;244720;249180;253610;257980;262300;266550;270740;274870;278960;283020;287030;291000
Bosnia and Herzegovina;--;--;--;--;--;--;--;--;--;--;--;--;4256010;3955020;3784980;3708960;3608500;3607000;3817580;3958650;4035460;4111290;4165420;4243180;4345590;4430490;4498980;4552200;4590310;4613410;4621600
Saint Lucia;122480;124000;125580;127290;129120;131010;132710;134180;135500;136500;137560;139170;140990;142790;144640;146500;148170;149710;151020;152110;153300;154400;155300;156010;156660;157370;158130;158870;159590;160270;160920
Hong Kong;5063100;5183400;5264500;5345100;5397900;5456200;5524600;5584510;5628410;5660720;5687960;5752000;5829700;5934510;6067290;6225350;6391560;6495920;6544560;6599310;6658720;6713380;6762480;6809740;6855130;6898690;6940430;6980410;7018640;7055070;7089710
Lithuania;--;--;--;--;--;--;--;--;--;--;--;--;3700280;3689000;3679640;3673580;3668320;3664370;3661170;3658450;3654390;3645750;3633230;3620090;3607900;3596620;3585910;3575440;3565210;3555180;3545320
Israel;3737470;3801340;3858420;3926890;3997340;4068470;4139680;4210380;4282040;4355350;4477810;4649340;4822460;4997770;5174860;5352900;5514520;5660090;5808730;5960290;6114570;6251340;6369540;6491920;6617730;6742920;6866880;6990060;7112360;7233700;7353990
Colombia;26631290;27214890;27826040;28454990;29095460;29747620;30410390;31085300;31770870;32460850;33147250;33832210;34520320;35205600;35887620;36531830;37097910;37619940;38132590;38563860;38910350;39312450;39804950;40351020;40922150;41487780;42046250;42597320;43141110;43677370;44205290
Bolivia;5441300;5545220;5642220;5737430;5834290;5934940;6041350;6156370;6283160;6423140;6573900;6731480;6893450;7054340;7214810;7374870;7534400;7695150;7858900;8025560;8195100;8367450;8542490;8719060;8895970;9072940;9249710;9425940;9601260;9775250;9947420
Nauru;7710;7850;8000;8150;8330;8520;8710;8910;9100;9300;9490;9670;9830;9820;9820;9820;9830;9870;9890;9870;9860;9890;9920;9930;9970;10010;9570;9120;9160;9210;9270
Martinique;339000;341000;343000;346000;350000;353000;357000;361000;365000;369000;374000;378000;382000;386000;390000;394000;399000;403000;407000;414000;416000;418450;422230;426000;426000;426000;426000;426000;426000;426000;426000
Tunisia;6443180;6605710;6734100;6859890;7184530;7363700;7547080;7728020;7898560;8056690;8211010;8368520;8526790;8684120;8835400;8976270;9108860;9235290;9352740;9462550;9567550;9671170;9774480;9877180;9978930;10079380;10179730;10281210;10383580;10486340;10589030
Australia;14615900;14923260;15161780;15348070;15510480;15695240;15900420;16136720;16400730;16680600;16956240;17202120;17418930;17607800;17781090;17975630;18195850;18415260;18620840;18830250;19053190;19294260;19534940;19766540;19995080;20232350;20489470;20749630;21007310;21262640;21515750
Kenya;16330540;16987220;17659970;18347990;19050210;19761490;20477120;21195780;21915870;22634770;23354480;24121430;25018970;25817550;26454520;27123910;27790290;28458610;29122890;29795500;30507980;31298700;32155320;33041780;33967090;34911780;35890650;36913720;37953840;39002770;40046570
Aruba;--;--;--;--;--;--;59800;59180;59500;60690;63030;66300;69480;74070;77850;79960;83070;86210;88200;89260;90000;90970;92170;93720;95460;96980;98500;100020;101540;103070;104590
Japan;116807310;117648090;118454970;119269950;120034700;120754340;121491910;122091330;122613000;123107500;123537400;123946270;124329270;124668020;125014050;125341350;125645310;125956490;126246090;126494400;126729220;126971910;127187240;127357740;127480500;127537190;127515170;127433490;127288420;127078680;126804430
Niger;6093470;6239000;6389180;6544130;6704050;6869210;7039810;7215960;7399130;7607560;7841730;8085320;8339190;8609310;8892590;9199330;9524740;9851300;10195660;10563220;10951430;11362150;11792080;12239310;12704660;13188870;13692950;14214710;14752080;15306250;15878270
Honduras;3402470;3543060;3670040;3796140;3932990;4077310;4226920;4373260;4514980;4656020;4794030;4933230;5079880;5232620;5389810;5550790;5712840;5875030;6039100;6190880;6359400;6526980;6693690;6862050;7029440;7193070;7355160;7516210;7675850;7833700;7989420
Guam;106870;109170;109280;114080;117300;120620;122880;125720;127550;130950;134130;138160;142330;143830;143160;144190;145320;146800;149720;152590;155320;158330;161060;163610;166120;168610;171090;173540;175990;178430;180870
Congo (Kinshasa);29012550;29808020;30648840;31446870;32340980;33344220;34376230;35482160;36628160;37804130;39047460;40366250;41645400;43026950;44486480;46298590;47196670;47739820;48759710;50283550;51848550;53496570;55200410;56885540;58629980;60473510;62375910;64390200;66514510;68692540;70916440
Sierra Leone;3335030;3402150;3472250;3545640;3622540;3703090;3787390;3875580;3967780;4064150;4228200;4334900;4246280;4099670;3977960;3881440;3810500;3765210;3745730;3735570;3809060;4043410;4286830;4465680;4602200;4708050;4817620;4918330;5023000;5132140;5245700
Jamaica;2228800;2258370;2298310;2306390;2313060;2318180;2322550;2325870;2329430;2336660;2347010;2357720;2377850;2406850;2436440;2469070;2501250;2531180;2560430;2588870;2615630;2640510;2664980;2689150;2713000;2736510;2759610;2782220;2804330;2825930;2847230
Venezuela;14767890;15166260;15620770;16084420;16544520;16997510;17450160;17910180;18378530;18850720;19325220;19790680;20246060;20691450;21126040;21549000;21960760;22361800;22751360;23128640;23492750;23843870;24191770;24545430;24904620;25269180;25641460;26023530;26414820;26814840;27223230
Vanuatu;116790;120260;123790;127380;131030;134730;138480;142270;146120;150000;153880;157720;161520;165260;168940;172550;176100;179620;183090;186510;189860;193170;196460;199710;202930;206090;209220;212340;215450;218520;221550
Former U.S.S.R.;265921820;268114010;270375410;272796890;275304230;277780520;280258300;282675080;284970910;286407420;288362320;289948440;--;--;--;--;--;--;--;--;--;--;--;--;--;--;--;--;--;--;--
El Salvador;4570410;4519720;4479920;4526710;4593750;4671050;4758320;4850140;4938990;5024780;5109820;5196240;5286010;5334150;5395200;5479830;5564110;5636810;5711570;5788370;5849820;5883700;5901830;5919850;5935120;5956220;5970890;5981750;6006450;6030600;6052060
Hungary;10711120;10711850;10705540;10689460;10668100;10648710;10630560;10612740;10442500;10397960;10371880;10397810;10383050;10330030;10296550;10280810;10259300;10229550;10200400;10171610;10147430;10129930;10112780;10091990;10072610;10057620;10046270;10034230;10020480;10007170;9992340
Faroe Islands;43450;43860;44250;44570;45060;45570;46050;46680;47090;47280;47440;47570;47780;46090;44500;43540;43590;44050;44560;45120;45790;46590;47350;47950;48290;48310;48320;48490;48670;48860;49060
Macau;255770;260930;270810;285450;298980;305840;312200;322980;332140;341240;351760;363860;375330;384400;392940;401300;410400;416990;421610;427770;431740;434780;438980;444180;455230;474030;499430;525530;545670;559850;567960
Luxembourg;364400;365400;365720;365890;366270;367170;369020;371660;375620;377620;382970;387150;392550;398080;403760;409700;415570;421010;426500;432530;438780;444780;450790;456760;462690;468570;474410;480220;486010;491780;497540
Paraguay;3171600;3250840;3338370;3431920;3530550;3633460;3739900;3849890;3963440;4080560;4200490;4322340;4445890;4570990;4697580;4825560;4954840;5081160;5200180;5311540;5418240;5523400;5626890;5728550;5828160;5925540;6020470;6113000;6203200;6290880;6375830
Virgin Islands, British;11000;11420;11820;12260;12730;13180;13630;14100;14620;15140;15690;16270;16760;17220;17690;18130;18580;19030;19480;19930;20380;20840;21300;21760;22220;22680;23130;23590;24040;24490;24940
Fiji;634510;646770;658910;671910;685570;698940;712990;719670;726370;733030;739620;746170;752740;759330;765920;772520;778890;785610;792690;799080;804930;810730;816670;823180;829820;836560;843950;852110;860540;868500;875980
Gibraltar;28830;29270;28850;28350;28230;28650;29070;29530;30030;30420;29110;28100;28090;27220;26780;26770;26780;26750;26750;26760;27270;28020;28200;28320;28410;28460;28540;28610;28710;28800;28880
Indonesia;151024400;154139060;157279630;160440710;163612640;166770280;169895520;173015460;176165660;179339970;182516280;185707940;188904680;192093240;195327800;198634370;202012160;205276720;208477480;211687200;214676610;217836280;220971910;223069670;226004130;228895750;231820240;234694000;237512360;240271520;242968340
Guadeloupe;337000;339000;341000;345000;350000;354000;358000;363000;367000;380000;390000;400000;410000;410000;420000;420000;430000;430000;430000;430000;430000;431170;435680;440190;444520;444520;444520;444520;444520;444520;444520
Saint Kitts and Nevis;43570;43480;43380;43230;43090;42930;42730;42480;42190;41920;41660;41410;41540;42060;42610;43130;43580;44070;44610;45130;45660;46190;46690;47140;47530;47900;48280;48660;49060;49480;49900
Burkina Faso;6318190;6474370;6637230;6807280;6985040;7170930;7371100;7591810;7833490;8091540;8361040;8642250;8934970;9237700;9570650;9902780;10220180;10542570;10872710;11225310;11587750;12039360;12584960;13065390;13478090;13903890;14343530;14797170;15264740;15746230;16241810
New Caledonia;139400;142500;145000;146580;149660;152590;155580;158730;161940;165120;168900;173330;177760;182460;187450;191780;195530;199380;203240;207180;211190;215280;219440;223690;228020;232400;236510;240450;244450;248410;252350
Morocco;19487270;19846220;20198730;20679400;21160790;21643790;22127440;22610590;23086480;23549800;23999970;24433720;24861080;25292640;25723170;26147600;26563570;26968720;27361050;27741990;28113040;28477480;28838900;29197060;29551510;29900960;30247770;30594450;30940460;31285170;31627430
Kazakhstan;--;--;--;--;--;--;--;--;--;--;--;--;16542060;16451630;16182150;15878490;15696090;15484520;15247100;15084620;15032140;15052250;15077220;15107580;15143700;15185840;15233240;15284930;15340530;15399440;15460480
Poland;35578020;35901960;36227380;36571420;36904130;37225790;37504280;37740710;37866840;37970160;38119410;38253220;38370700;38467750;38548300;38600640;38629840;38654960;38668760;38665540;38654160;38643640;38625980;38602850;38580440;38557980;38536870;38518240;38500700;38482920;38463690
Egypt;42634220;44196100;45681810;47093030;48550160;50052380;51593430;52375100;53162210;53948410;54907380;55861650;56624990;57384300;58156950;58945030;59757820;61071910;62411720;63773470;65158550;66574080;68023120;69501860;71009470;72543510;74100590;75676540;77266690;78866640;80471870
Denmark;5123030;5121570;5117810;5114300;5111620;5113690;5120530;5127020;5129520;5132590;5140950;5154350;5171390;5188390;5205600;5232610;5262080;5283660;5302770;5320130;5337420;5355830;5374690;5394140;5413390;5432340;5450660;5468120;5484720;5500510;5515580
Cyprus;630270;638050;645320;656500;667970;679220;690430;701620;713030;726860;745060;766230;788470;809760;829210;847350;864300;879850;893730;906880;919680;932630;946810;964650;987190;1010740;1031030;1048910;1066820;1084750;1102680
Congo (Brazzaville);1674290;1723740;1775160;1828560;1883980;1941770;2002140;2064970;2130060;2197170;2266000;2337400;2410400;2488940;2570290;2650000;2731250;2802470;2880000;2972320;3103940;3239990;3330420;3414250;3503740;3604000;3704060;3802330;3905010;4012810;4125920
Germany, West;61540000;61660000;61600000;61380000;61130000;60970000;61010000;61090000;61420000;61990000;63230000;--;--;--;--;--;--;--;--;--;--;--;--;--;--;--;--;--;--;--;--
Guyana;759350;761930;762860;762160;762070;762250;763380;764960;766550;768600;771530;770530;767300;766900;767650;769160;768890;768410;772600;780050;785560;786260;782730;779810;779480;776500;770210;763810;758060;752940;748490
United States;227224680;229465710;231664460;233791990;235824900;237923800;240132890;242288920;244498980;246819230;249622810;252980940;256514220;259918590;263125820;266278390;269394280;272646930;275854100;279040170;282171960;285081560;287803910;290326420;293045740;295753150;298593210;301579900;304374850;307006550;310232860
Seychelles;63950;64700;65280;65850;66500;67180;67840;68460;69200;70010;70800;71650;72500;73320;74130;74930;75710;76410;77170;78140;79160;80170;81130;82050;82970;83890;84800;85700;86600;87480;88340
Ecuador;7920500;8141080;8365850;8593490;8825830;9061660;9301080;9545160;9794120;10048220;10318040;10429920;10553810;10753680;11012550;11265610;11526480;11792470;12050630;12268310;12445840;12629120;12827280;13074180;13368400;13662320;13917060;14134960;14354470;14573100;14790610
Qatar;236900;249280;259610;292410;324470;356030;387260;396950;413460;430160;446130;461120;475810;491040;506260;521210;536020;550860;570560;597110;626960;658850;691730;725120;758820;785670;802580;814900;824790;833290;840930
Uruguay;2930490;2948130;2968350;2988830;3008270;3012100;3030810;3048990;3067500;3087900;3109540;3131410;3153100;3174790;3197250;3219260;3242120;3266670;3288690;3308310;3328080;3348020;3367820;3387340;3406390;3424890;3442950;3460610;3477780;3494380;3510390
Saudi Arabia;10021520;10654930;11288810;11952260;12606940;13330070;13998300;14619750;15233130;15829360;16060760;16305770;17060750;17636360;18202420;18755040;19293360;19818380;20329090;20824550;21311900;21796090;22274040;22742890;23200040;23642210;24073200;24498520;24917410;25328870;25731780
Cambodia;6888520;7079200;7297130;7530650;7690580;7841240;8101420;8403950;8716410;9038140;9367520;9706810;10142760;10624230;10974240;11234140;11484580;11721710;11944470;12154660;12351150;12539610;12729200;12920710;13109940;13297400;13498710;13718690;13957010;14206230;14453680
